{
  "name": "unreal_ego_pose",
  "size": [
    1024,
    1024
  ],
  "imageCircleRadius": 512,
  "image_center": [
    511.1183388444314,
    510.8730105600536
  ],
  "polynomialC2W": [
    -516.7691300636768,
    0,
    0.001827567433476,
    -0.000009458375642153957,
    4.460350926140045e-8,
    -9.434841474792276e-11,
    8.099831344095236e-14
  ],
  "polynomialW2C": [
    541.084422,
    133.996745,
    -53.833198,
    60.96083,
    -24.78051,
    12.451492,
    -30.240511,
    26.90122,
    116.38499,
    -133.991117,
    -141.904687,
    184.05592,
    107.45616,
    -125.552875,
    -55.66342,
    44.209519,
    18.234651,
    -6.410899,
    -2.737066
  ],
  "affine": [
    0.999997845608931,
    -0.00003641214346960503,
    -0.0000492182252254407
  ]
}
